v,i,output,time
1.100028,1.894248e-05,-0.000413970755,0.0
1.100026,1.90062e-05,-0.000397814888,0.5
