v,i,output,time
1.250021,0.0006369584,-6.26832429e-06,0.0
1.250028,0.0006370271,-6.15638988e-06,0.5
