v,i,output,time
1.699998,0.08514883,-1.04472089e-05,0.0
1.700006,0.0854476,-1.00740942e-05,0.5
