v,i,output,time
1.100013,1.984671e-05,-0.00038490512,0.0
1.100024,1.976517e-05,-0.00040318774,0.5
