v,i,output,time
-1.000113,2.856726e-09,-0.000714104218,0.0
-1.000104,3.064884e-10,-0.000724551429,0.5
