v,i,output,time
0.5000237,2.567583e-09,-0.000388263152,0.0
0.5000362,2.482826e-09,-0.000281888152,0.5
