v,i,output,time
1.200027,0.0001902569,-0.0321984925,0.0
1.200007,0.0001896662,-0.0325311989,0.5
