v,i,output,time
1.499993,0.03531543,-0.000389419808,0.0
1.499995,0.03543525,-0.00038897207,0.5
