v,i,output,time
1.200025,0.0001879644,-0.0346825783,0.0
1.200009,0.0001875162,-0.0348915225,0.5
