v,i,output,time
1.300007,0.002222775,-0.000397031347,0.0
1.300013,0.002223911,-0.000399083478,0.5
