v,i,output,time
1.150036,5.928432e-05,-0.0100342109,0.0
1.150039,5.916929e-05,-0.010057941,0.5
