vg,vd,ig,id
4.999991,0.05000517,4.99996,0.0500078
4.499937,0.05000491,4.49987,0.05000452
3.999836,0.05000869,3.99988,0.05000333
3.499954,0.05000606,3.49994,0.05000512
2.999896,0.05000352,2.999882,0.05000491
2.499838,0.05000445,2.499825,0.05000575
1.999811,0.0500045,1.999803,0.05000658
1.499772,0.05000555,1.49976,0.05000611
0.9997492,0.05000655,0.9997302,0.05000411
0.4997429,0.05000576,0.4997471,0.05000486
